{
  "warszawa": [52.2297700, 21.0117800],
  "madryt": [40.4165000, -3.7025600],
  "poznań": [52.4069200, 16.9299300],
  "lublin": [51.2500000, 22.5666700],
  "zurych": [47.3666700, 8.5500000],
  "kolonia": [50.9333300, 6.9500000],
  "gdańsk": [54.3520500, 18.6463700],
  "paryż": [48.8534100, 2.3488000],
  "łódź": [51.7500000, 19.4666700],
  "kijów": [50.4546600, 30.5238000],
  "mediolan": [45.4642700, 9.1895100],
  "kraków": [50.0614300, 19.9365800],
  "katowice": [50.2584100, 19.0275400],
  "berlin": [52.5243700, 13.4105300],
  "londyn": [51.5085300, -0.1257400],
  "frankfurt nad menem": [50.1155200, 8.6841700],
  "uppsala": [59.8588200, 17.6388900],
  "perigueux": [45.1833300, 0.7166700],
  "szczecin": [53.4289400, 14.5530200],
  "praga": [50.0880400, 14.4207600],
  "wiedeń": [48.2084900, 16.3720800],
  "lwów": [49.8382600, 24.0232400],
  "frankfurt": [50.1155200, 8.6841700],
  "płock": [52.5468200, 19.7063800],
  "wrocław": [51.1000000, 17.0333300],
  "genewa": [46.2022200, 6.1456900],
  "istambuł": [41.0138400, 28.9496600],
  "monachium": [48.1374300, 11.5754900],
  "kopenhaga": [55.6759400, 12.5655300],
  "sztokholm": [59.3325800, 18.0649000],
  "pabianice": [51.6644600, 19.3547300],
  "ostrołęka": [53.0862100, 21.5756600],
  "helsinki": [60.1695200, 24.9354500],
  "bruksela": [50.8504500, 4.3487800],
  "szanghaj": [31.2222200, 121.4580600],
  "gliwice": [50.2976100, 18.6765800],
  "zielona góra": [51.9354800, 15.5064300],
  "washington": [38.8951100, -77.0363700]
}